Workbook

Sheet Recebimentos
A1: [INSIRA O LOGO AQUI] | C1: CONTROLE DE RECEBIMENTOS
C2: Atualizado em: 01/03/2026
B5: Nº Contrato | C5: Nome/Razão Social | D5: Qtd Parcelas | E5: Parcela | F5: Valor Total (R$) | G5: Valor Equipamento (R$) | H5: Valor Serviços (R$) | I5: Data Vencimento | J5: Status | K5: Descrição | L5: Observações | M5: Valor/Parcela | N5: Dias até Venc.
M6: =IF(E6=0,"",F6/E6) | N6: =IF(I6="","",I6-TODAY())
M7: =IF(E7=0,"",F7/E7) | N7: =IF(I7="","",I7-TODAY())
M8: =IF(E8=0,"",F8/E8) | N8: =IF(I8="","",I8-TODAY())
M9: =IF(E9=0,"",F9/E9) | N9: =IF(I9="","",I9-TODAY())
M10: =IF(E10=0,"",F10/E10) | N10: =IF(I10="","",I10-TODAY())
M11: =IF(E11=0,"",F11/E11) | N11: =IF(I11="","",I11-TODAY())
M12: =IF(E12=0,"",F12/E12) | N12: =IF(I12="","",I12-TODAY())
M13: =IF(E13=0,"",F13/E13) | N13: =IF(I13="","",I13-TODAY())
M14: =IF(E14=0,"",F14/E14) | N14: =IF(I14="","",I14-TODAY())
M15: =IF(E15=0,"",F15/E15) | N15: =IF(I15="","",I15-TODAY())
M16: =IF(E16=0,"",F16/E16) | N16: =IF(I16="","",I16-TODAY())
M17: =IF(E17=0,"",F17/E17) | N17: =IF(I17="","",I17-TODAY())
... M55: =IF(E55=0,"",F55/E55) | N55: =IF(I55="","",I55-TODAY())
A57: TOTAL A RECEBER | F57: =SUM(F6:F55) | G57: =SUM(G6:G55) | H57: =SUM(H6:H55)

Sheet Relatórios
A1: RELATÓRIOS - RECEBIMENTOS
A3: Total a Receber: | B3: ='Recebimentos'!F57
A4: Total Recebido: | B4: =SUMIF('Recebimentos'!J:J,"Recebido",'Recebimentos'!F:F)
A5: Total Pendente: | B5: =SUMIF('Recebimentos'!J:J,"Pendente",'Recebimentos'!F:F)
A6: Total Atrasado: | B6: =SUMIF('Recebimentos'!J:J,"Atrasado",'Recebimentos'!F:F)
A7: Total Equipamentos: | B7: ='Recebimentos'!G57
A8: Total Serviços: | B8: ='Recebimentos'!H57
A9: Quantidade de Registros: | B9: =COUNTA('Recebimentos'!B6:B55)
A11: ANÁLISE POR STATUS
A12: Quantidade Pendente: | B12: =COUNTIF('Recebimentos'!J:J,"Pendente")
A13: Quantidade Recebido: | B13: =COUNTIF('Recebimentos'!J:J,"Recebido")
A14: Quantidade Atrasado: | B14: =COUNTIF('Recebimentos'!J:J,"Atrasado")
A15: Quantidade Cancelado: | B15: =COUNTIF('Recebimentos'!J:J,"Cancelado")
A17: COMPOSIÇÃO DO FATURAMENTO
A18: % Equipamentos: | B18: =IF('Recebimentos'!F57=0,0,'Recebimentos'!G57/'Recebimentos'!F57)
A19: % Serviços: | B19: =IF('Recebimentos'!F57=0,0,'Recebimentos'!H57/'Recebimentos'!F57)
A21: ANÁLISE DE RECEBIMENTOS
A22: Taxa de Recebimento: | B22: =IF('Recebimentos'!F57=0,0,'Recebimentos'!B4/'Recebimentos'!F57)
A23: Valor Médio por Contrato: | B23: =IF(COUNTA('Recebimentos'!B6:B55)=0,0,'Recebimentos'!F57/COUNTA('Recebimentos'!B6:B55))
A24: Valor Médio por Parcela: | B24: =IF(SUM('Recebimentos'!E6:E55)=0,0,'Recebimentos'!F57/SUM('Recebimentos'!E6:E55))
