Workbook

Sheet Pagamentos
A1: [INSIRA O LOGO AQUI] | C1: CONTROLE DE PAGAMENTOS
C2: Atualizado em: 01/03/2026
B5: Nome Completo | C5: CPF | D5: Banco | E5: Chave Pix | F5: Tipo de Serviço | G5: Centro de Custo | H5: Valor (R$) | I5: Data Pagamento | J5: Status | K5: Observações | L5: Dias até Pgto
L6: =IF(I6="","",I6-TODAY())
L7: =IF(I7="","",I7-TODAY())
L8: =IF(I8="","",I8-TODAY())
L9: =IF(I9="","",I9-TODAY())
L10: =IF(I10="","",I10-TODAY())
L11: =IF(I11="","",I11-TODAY())
L12: =IF(I12="","",I12-TODAY())
L13: =IF(I13="","",I13-TODAY())
L14: =IF(I14="","",I14-TODAY())
L15: =IF(I15="","",I15-TODAY())
L16: =IF(I16="","",I16-TODAY())
L17: =IF(I17="","",I17-TODAY())
... L55: =IF(I55="","",I55-TODAY())
A57: TOTAL DE PAGAMENTOS | H57: =SUM(H6:H55)

Sheet Relatórios
A1: RELATÓRIOS - PAGAMENTOS
A3: Total de Pagamentos: | B3: ='Pagamentos'!H57
A4: Pagamentos Realizados: | B4: =SUMIF('Pagamentos'!J:J,"Pago",'Pagamentos'!H:H)
A5: Pagamentos Pendentes: | B5: =SUMIF('Pagamentos'!J:J,"Pendente",'Pagamentos'!H:H)
A6: Pagamentos em Processamento: | B6: =SUMIF('Pagamentos'!J:J,"Processando",'Pagamentos'!H:H)
A7: Quantidade de Registros: | B7: =COUNTA('Pagamentos'!B6:B55)
A10: ANÁLISE POR STATUS
A11: Quantidade Pendente: | B11: =COUNTIF('Pagamentos'!J:J,"Pendente")
A12: Quantidade Pago: | B12: =COUNTIF('Pagamentos'!J:J,"Pago")
A13: Quantidade Processando: | B13: =COUNTIF('Pagamentos'!J:J,"Processando")
A14: Quantidade Cancelado: | B14: =COUNTIF('Pagamentos'!J:J,"Cancelado")
A16: ANÁLISE POR CENTRO DE CUSTO
A17: Administrativo: | B17: =SUMIF('Pagamentos'!G:G,"Administrativo",'Pagamentos'!H:H)
A18: Operacional: | B18: =SUMIF('Pagamentos'!G:G,"Operacional",'Pagamentos'!H:H)
A19: Comercial: | B19: =SUMIF('Pagamentos'!G:G,"Comercial",'Pagamentos'!H:H)
A20: TI: | B20: =SUMIF('Pagamentos'!G:G,"TI",'Pagamentos'!H:H)
A21: Recursos Humanos: | B21: =SUMIF('Pagamentos'!G:G,"Recursos Humanos",'Pagamentos'!H:H)
A22: Financeiro: | B22: =SUMIF('Pagamentos'!G:G,"Financeiro",'Pagamentos'!H:H)
A23: Outro: | B23: =SUMIF('Pagamentos'!G:G,"Outro",'Pagamentos'!H:H)
